{"cameraMode":{"drawMode":0,"name":"Shaded","section":"Shading Mode"},"sceneLighting":false,"audioPlay":false,"sceneViewState":{"showFog":true,"showMaterialUpdate":false,"showSkybox":false,"showFlares":true,"showImageEffects":true,"showParticleSystems":true},"in2DMode":false,"pivot":{"x":71.73371124267578,"y":0.49795007705688479,"z":-29.250690460205079},"rotation":{"x":-0.017039978876709939,"y":0.9827827215194702,"z":-0.12030823528766632,"w":-0.13919636607170106},"size":5.683579921722412,"orthographic":false}