{"cameraMode":{"drawMode":0,"name":"Shaded","section":"Shading Mode"},"sceneLighting":false,"audioPlay":false,"sceneViewState":{"showFog":true,"showMaterialUpdate":false,"showSkybox":false,"showFlares":true,"showImageEffects":true,"showParticleSystems":true},"in2DMode":false,"pivot":{"x":71.79127502441406,"y":2.9508416652679445,"z":-18.8110408782959},"rotation":{"x":-0.04816807061433792,"y":-0.07125899195671082,"z":0.0034451023675501348,"w":-0.9962902665138245},"size":8.827481269836426,"orthographic":false}