{"cameraMode":{"drawMode":0,"name":"Shaded","section":"Shading Mode"},"sceneLighting":false,"audioPlay":false,"sceneViewState":{"showFog":true,"showMaterialUpdate":false,"showSkybox":false,"showFlares":true,"showImageEffects":true,"showParticleSystems":true},"in2DMode":false,"pivot":{"x":72.44374084472656,"y":0.35045912861824038,"z":-26.611478805541993},"rotation":{"x":-0.005465860478579998,"y":0.9455195665359497,"z":-0.01589534617960453,"w":-0.32513120770454409},"size":22.0,"orthographic":false}